,0
0,1.3.6.1.4.1.14519.5.2.1.6279.6001.302557165094691896097534021075
1,1.3.6.1.4.1.14519.5.2.1.6279.6001.487745546557477250336016826588
2,1.3.6.1.4.1.14519.5.2.1.6279.6001.225227615446398900698431118292
3,1.3.6.1.4.1.14519.5.2.1.6279.6001.125124219978170516876304987559
4,1.3.6.1.4.1.14519.5.2.1.6279.6001.217589936421986638139451480826
5,1.3.6.1.4.1.14519.5.2.1.6279.6001.300271604576987336866436407488
6,1.3.6.1.4.1.14519.5.2.1.6279.6001.296066944953051278419805374238
7,1.3.6.1.4.1.14519.5.2.1.6279.6001.939216568327879462530496768794
8,1.3.6.1.4.1.14519.5.2.1.6279.6001.270152671889301412052226973069
9,1.3.6.1.4.1.14519.5.2.1.6279.6001.584871944187559733312703328980
10,1.3.6.1.4.1.14519.5.2.1.6279.6001.321465552859463184018938648244
11,1.3.6.1.4.1.14519.5.2.1.6279.6001.301582691063019848479942618641
12,1.3.6.1.4.1.14519.5.2.1.6279.6001.534083630500464995109143618896
13,1.3.6.1.4.1.14519.5.2.1.6279.6001.219909753224298157409438012179
14,1.3.6.1.4.1.14519.5.2.1.6279.6001.868211851413924881662621747734
15,1.3.6.1.4.1.14519.5.2.1.6279.6001.277445975068759205899107114231
16,1.3.6.1.4.1.14519.5.2.1.6279.6001.137375498893536422914241295628
17,1.3.6.1.4.1.14519.5.2.1.6279.6001.309955814083231537823157605135
18,1.3.6.1.4.1.14519.5.2.1.6279.6001.336225579776978874775723463327
19,1.3.6.1.4.1.14519.5.2.1.6279.6001.294188507421106424248264912111
20,1.3.6.1.4.1.14519.5.2.1.6279.6001.145283812746259413053188838096
21,1.3.6.1.4.1.14519.5.2.1.6279.6001.339882192295517122002429068974
22,1.3.6.1.4.1.14519.5.2.1.6279.6001.122763913896761494371822656720
23,1.3.6.1.4.1.14519.5.2.1.6279.6001.275986221854423197884953496664
24,1.3.6.1.4.1.14519.5.2.1.6279.6001.267957701183569638795986183786
25,1.3.6.1.4.1.14519.5.2.1.6279.6001.525937963993475482158828421281
26,1.3.6.1.4.1.14519.5.2.1.6279.6001.249314567767437206995861966896
27,1.3.6.1.4.1.14519.5.2.1.6279.6001.955688628308192728558382581802
28,1.3.6.1.4.1.14519.5.2.1.6279.6001.910757789941076242457816491305
29,1.3.6.1.4.1.14519.5.2.1.6279.6001.970264865033574190975654369557
30,1.3.6.1.4.1.14519.5.2.1.6279.6001.121824995088859376862458155637
31,1.3.6.1.4.1.14519.5.2.1.6279.6001.280972147860943609388015648430
32,1.3.6.1.4.1.14519.5.2.1.6279.6001.153646219551578201092527860224
33,1.3.6.1.4.1.14519.5.2.1.6279.6001.282779922503707013097174625409
34,1.3.6.1.4.1.14519.5.2.1.6279.6001.187108608022306504546286626125
35,1.3.6.1.4.1.14519.5.2.1.6279.6001.133132722052053001903031735878
36,1.3.6.1.4.1.14519.5.2.1.6279.6001.264090899378396711987322794314
37,1.3.6.1.4.1.14519.5.2.1.6279.6001.799582546798528864710752164515
38,1.3.6.1.4.1.14519.5.2.1.6279.6001.125356649712550043958727288500
39,1.3.6.1.4.1.14519.5.2.1.6279.6001.202464973819273687476049035824
40,1.3.6.1.4.1.14519.5.2.1.6279.6001.250481236093201801255751845296
41,1.3.6.1.4.1.14519.5.2.1.6279.6001.245391706475696258069508046497
42,1.3.6.1.4.1.14519.5.2.1.6279.6001.221017801605543296514746423389
43,1.3.6.1.4.1.14519.5.2.1.6279.6001.309901913847714156367981722205
44,1.3.6.1.4.1.14519.5.2.1.6279.6001.229664630348267553620068691756
45,1.3.6.1.4.1.14519.5.2.1.6279.6001.655242448149322898770987310561
46,1.3.6.1.4.1.14519.5.2.1.6279.6001.801945620899034889998809817499
47,1.3.6.1.4.1.14519.5.2.1.6279.6001.306140003699110313373771452136
48,1.3.6.1.4.1.14519.5.2.1.6279.6001.619372068417051974713149104919
49,1.3.6.1.4.1.14519.5.2.1.6279.6001.188484197846284733942365679565
50,1.3.6.1.4.1.14519.5.2.1.6279.6001.310395752124284049604069960014
51,1.3.6.1.4.1.14519.5.2.1.6279.6001.170921541362033046216100409521
52,1.3.6.1.4.1.14519.5.2.1.6279.6001.313756547848086902190878548835
53,1.3.6.1.4.1.14519.5.2.1.6279.6001.178680586845223339579041794709
54,1.3.6.1.4.1.14519.5.2.1.6279.6001.141149610914910880857802344415
55,1.3.6.1.4.1.14519.5.2.1.6279.6001.337845202462615014431060697507
56,1.3.6.1.4.1.14519.5.2.1.6279.6001.414288023902112119945238126594
57,1.3.6.1.4.1.14519.5.2.1.6279.6001.191617711875409989053242965150
58,1.3.6.1.4.1.14519.5.2.1.6279.6001.397522780537301776672854630421
59,1.3.6.1.4.1.14519.5.2.1.6279.6001.710845873679853791427022019413
60,1.3.6.1.4.1.14519.5.2.1.6279.6001.191301539558980174217770205256
61,1.3.6.1.4.1.14519.5.2.1.6279.6001.270788655216695628640355888562
62,1.3.6.1.4.1.14519.5.2.1.6279.6001.207341668080525761926965850679
63,1.3.6.1.4.1.14519.5.2.1.6279.6001.622243923620914676263059698181
64,1.3.6.1.4.1.14519.5.2.1.6279.6001.309955999522338651429118207446
65,1.3.6.1.4.1.14519.5.2.1.6279.6001.161073793312426102774780216551
66,1.3.6.1.4.1.14519.5.2.1.6279.6001.701514276942509393419164159551
67,1.3.6.1.4.1.14519.5.2.1.6279.6001.193408384740507320589857096592
68,1.3.6.1.4.1.14519.5.2.1.6279.6001.149893110752986700464921264055
69,1.3.6.1.4.1.14519.5.2.1.6279.6001.283878926524838648426928238498
70,1.3.6.1.4.1.14519.5.2.1.6279.6001.558286136379689377915919180358
71,1.3.6.1.4.1.14519.5.2.1.6279.6001.176869045992276345870480098568
72,1.3.6.1.4.1.14519.5.2.1.6279.6001.199261544234308780356714831537
73,1.3.6.1.4.1.14519.5.2.1.6279.6001.217955041973656886482758642958
74,1.3.6.1.4.1.14519.5.2.1.6279.6001.254138388912084634057282064266
75,1.3.6.1.4.1.14519.5.2.1.6279.6001.631047517458234322522264161877
76,1.3.6.1.4.1.14519.5.2.1.6279.6001.235217371152464582553341729176
77,1.3.6.1.4.1.14519.5.2.1.6279.6001.187966156856911682643615997798
78,1.3.6.1.4.1.14519.5.2.1.6279.6001.329624439086643515259182406526
79,1.3.6.1.4.1.14519.5.2.1.6279.6001.200513183558872708878454294671
80,1.3.6.1.4.1.14519.5.2.1.6279.6001.149041668385192796520281592139
81,1.3.6.1.4.1.14519.5.2.1.6279.6001.110678335949765929063942738609
82,1.3.6.1.4.1.14519.5.2.1.6279.6001.199220738144407033276946096708
83,1.3.6.1.4.1.14519.5.2.1.6279.6001.241717018262666382493757419144
84,1.3.6.1.4.1.14519.5.2.1.6279.6001.265570697208310960298668720669
85,1.3.6.1.4.1.14519.5.2.1.6279.6001.249450003033735700817635168066
86,1.3.6.1.4.1.14519.5.2.1.6279.6001.125067060506283419853742462394
87,1.3.6.1.4.1.14519.5.2.1.6279.6001.134638281277099121660656324702
88,1.3.6.1.4.1.14519.5.2.1.6279.6001.140239815496047437552471323962
89,1.3.6.1.4.1.14519.5.2.1.6279.6001.419601611032172899567156073142
90,1.3.6.1.4.1.14519.5.2.1.6279.6001.101228986346984399347858840086
91,1.3.6.1.4.1.14519.5.2.1.6279.6001.100225287222365663678666836860
92,1.3.6.1.4.1.14519.5.2.1.6279.6001.126704785377921920210612476953
93,1.3.6.1.4.1.14519.5.2.1.6279.6001.219349715895470349269596532320
94,1.3.6.1.4.1.14519.5.2.1.6279.6001.290135156874098366424871975734
95,1.3.6.1.4.1.14519.5.2.1.6279.6001.226456162308124493341905600418
96,1.3.6.1.4.1.14519.5.2.1.6279.6001.362762275895885013176610377950
97,1.3.6.1.4.1.14519.5.2.1.6279.6001.338104567770715523699587505022
98,1.3.6.1.4.1.14519.5.2.1.6279.6001.112767175295249119452142211437
99,1.3.6.1.4.1.14519.5.2.1.6279.6001.301462380687644451483231621986
100,1.3.6.1.4.1.14519.5.2.1.6279.6001.185154482385982570363528682299
101,1.3.6.1.4.1.14519.5.2.1.6279.6001.332829333783605240302521201463
102,1.3.6.1.4.1.14519.5.2.1.6279.6001.252814707117018427472206147014
103,1.3.6.1.4.1.14519.5.2.1.6279.6001.312127933722985204808706697221
104,1.3.6.1.4.1.14519.5.2.1.6279.6001.333145094436144085379032922488
105,1.3.6.1.4.1.14519.5.2.1.6279.6001.232058316950007760548968840196
106,1.3.6.1.4.1.14519.5.2.1.6279.6001.980362852713685276785310240144
107,1.3.6.1.4.1.14519.5.2.1.6279.6001.108193664222196923321844991231
108,1.3.6.1.4.1.14519.5.2.1.6279.6001.274052674198758621258447180130
109,1.3.6.1.4.1.14519.5.2.1.6279.6001.292194861362266467652267941663
110,1.3.6.1.4.1.14519.5.2.1.6279.6001.302403227435841351528721627052
111,1.3.6.1.4.1.14519.5.2.1.6279.6001.307835307280028057486413359377
112,1.3.6.1.4.1.14519.5.2.1.6279.6001.279300249795483097365868125932
113,1.3.6.1.4.1.14519.5.2.1.6279.6001.226383054119800793308721198594
114,1.3.6.1.4.1.14519.5.2.1.6279.6001.188619674701053082195613114069
115,1.3.6.1.4.1.14519.5.2.1.6279.6001.319009811633846643966578282371
116,1.3.6.1.4.1.14519.5.2.1.6279.6001.245349763807614756148761326488
117,1.3.6.1.4.1.14519.5.2.1.6279.6001.385151742584074711135621089321
118,1.3.6.1.4.1.14519.5.2.1.6279.6001.205615524269596458818376243313
119,1.3.6.1.4.1.14519.5.2.1.6279.6001.228934821089041845791238006047
120,1.3.6.1.4.1.14519.5.2.1.6279.6001.307946352302138765071461362398
121,1.3.6.1.4.1.14519.5.2.1.6279.6001.227885601428639043345478571594
122,1.3.6.1.4.1.14519.5.2.1.6279.6001.212608679077007918190529579976
123,1.3.6.1.4.1.14519.5.2.1.6279.6001.272190966764020277652079081128
124,1.3.6.1.4.1.14519.5.2.1.6279.6001.173556680294801532247454313511
125,1.3.6.1.4.1.14519.5.2.1.6279.6001.141511313712034597336182402384
126,1.3.6.1.4.1.14519.5.2.1.6279.6001.321935195060268166151738328001
127,1.3.6.1.4.1.14519.5.2.1.6279.6001.463588161905537526756964393219
128,1.3.6.1.4.1.14519.5.2.1.6279.6001.177252583002664900748714851615
129,1.3.6.1.4.1.14519.5.2.1.6279.6001.269075535958871753309238331179
130,1.3.6.1.4.1.14519.5.2.1.6279.6001.797637294244261543517154417124
131,1.3.6.1.4.1.14519.5.2.1.6279.6001.161855583909753609742728521805
132,1.3.6.1.4.1.14519.5.2.1.6279.6001.291156498203266896953765649282
133,1.3.6.1.4.1.14519.5.2.1.6279.6001.109882169963817627559804568094
134,1.3.6.1.4.1.14519.5.2.1.6279.6001.162207236104936931957809623059
135,1.3.6.1.4.1.14519.5.2.1.6279.6001.768276876111112560631432843476
136,1.3.6.1.4.1.14519.5.2.1.6279.6001.131150737314367975651717513386
137,1.3.6.1.4.1.14519.5.2.1.6279.6001.153536305742006952753134773630
138,1.3.6.1.4.1.14519.5.2.1.6279.6001.238522526736091851696274044574
139,1.3.6.1.4.1.14519.5.2.1.6279.6001.251215764736737018371915284679
140,1.3.6.1.4.1.14519.5.2.1.6279.6001.616033753016904899083676284739
141,1.3.6.1.4.1.14519.5.2.1.6279.6001.328789598898469177563438457842
142,1.3.6.1.4.1.14519.5.2.1.6279.6001.297251044869095073091780740645
143,1.3.6.1.4.1.14519.5.2.1.6279.6001.299806338046301317870803017534
144,1.3.6.1.4.1.14519.5.2.1.6279.6001.168737928729363683423228050295
145,1.3.6.1.4.1.14519.5.2.1.6279.6001.286647622786041008124419915089
146,1.3.6.1.4.1.14519.5.2.1.6279.6001.152706273988004688708784163325
147,1.3.6.1.4.1.14519.5.2.1.6279.6001.201890795870532056891161597218
148,1.3.6.1.4.1.14519.5.2.1.6279.6001.256542095129414948017808425649
149,1.3.6.1.4.1.14519.5.2.1.6279.6001.330425234131526435132846006585
150,1.3.6.1.4.1.14519.5.2.1.6279.6001.102681962408431413578140925249
151,1.3.6.1.4.1.14519.5.2.1.6279.6001.143412474064515942785157561636
152,1.3.6.1.4.1.14519.5.2.1.6279.6001.134370886216012873213579659366
153,1.3.6.1.4.1.14519.5.2.1.6279.6001.339142594937666268384335506819
154,1.3.6.1.4.1.14519.5.2.1.6279.6001.172243743899615313644757844726
155,1.3.6.1.4.1.14519.5.2.1.6279.6001.160586340600816116143631200450
156,1.3.6.1.4.1.14519.5.2.1.6279.6001.116703382344406837243058680403
157,1.3.6.1.4.1.14519.5.2.1.6279.6001.428038562098395445838061018440
158,1.3.6.1.4.1.14519.5.2.1.6279.6001.569096986145782511000054443951
159,1.3.6.1.4.1.14519.5.2.1.6279.6001.310548927038333190233889983845
160,1.3.6.1.4.1.14519.5.2.1.6279.6001.293757615532132808762625441831
161,1.3.6.1.4.1.14519.5.2.1.6279.6001.188385286346390202873004762827
162,1.3.6.1.4.1.14519.5.2.1.6279.6001.216526102138308489357443843021
163,1.3.6.1.4.1.14519.5.2.1.6279.6001.247060297988514823071467295949
164,1.3.6.1.4.1.14519.5.2.1.6279.6001.323899724653546164058849558431
165,1.3.6.1.4.1.14519.5.2.1.6279.6001.139713436241461669335487719526
166,1.3.6.1.4.1.14519.5.2.1.6279.6001.121391737347333465796214915391
167,1.3.6.1.4.1.14519.5.2.1.6279.6001.948414623428298219623354433437
168,1.3.6.1.4.1.14519.5.2.1.6279.6001.395623571499047043765181005112
169,1.3.6.1.4.1.14519.5.2.1.6279.6001.299767339686526858593516834230
170,1.3.6.1.4.1.14519.5.2.1.6279.6001.100620385482151095585000946543
171,1.3.6.1.4.1.14519.5.2.1.6279.6001.262873069163227096134627700599
172,1.3.6.1.4.1.14519.5.2.1.6279.6001.314519596680450457855054746285
173,1.3.6.1.4.1.14519.5.2.1.6279.6001.156579001330474859527530187095
174,1.3.6.1.4.1.14519.5.2.1.6279.6001.313334055029671473836954456733
175,1.3.6.1.4.1.14519.5.2.1.6279.6001.618434772073433276874225174904
176,1.3.6.1.4.1.14519.5.2.1.6279.6001.236698827306171960683086245994
177,1.3.6.1.4.1.14519.5.2.1.6279.6001.324290109423920971676288828329
178,1.3.6.1.4.1.14519.5.2.1.6279.6001.120196332569034738680965284519
179,1.3.6.1.4.1.14519.5.2.1.6279.6001.249032660919473722154870746474
180,1.3.6.1.4.1.14519.5.2.1.6279.6001.826829446346820089862659555750
181,1.3.6.1.4.1.14519.5.2.1.6279.6001.176638348958425792989125209419
182,1.3.6.1.4.1.14519.5.2.1.6279.6001.140253591510022414496468423138
183,1.3.6.1.4.1.14519.5.2.1.6279.6001.275766318636944297772360944907
184,1.3.6.1.4.1.14519.5.2.1.6279.6001.124154461048929153767743874565
185,1.3.6.1.4.1.14519.5.2.1.6279.6001.183184435049555024219115904825
186,1.3.6.1.4.1.14519.5.2.1.6279.6001.518487185634324801733841260431
187,1.3.6.1.4.1.14519.5.2.1.6279.6001.167661207884826429102690781600
188,1.3.6.1.4.1.14519.5.2.1.6279.6001.297964221542942838344351735414
189,1.3.6.1.4.1.14519.5.2.1.6279.6001.333319057944372470283038483725
190,1.3.6.1.4.1.14519.5.2.1.6279.6001.248357157975955379661896491341
191,1.3.6.1.4.1.14519.5.2.1.6279.6001.114914167428485563471327801935
192,1.3.6.1.4.1.14519.5.2.1.6279.6001.137773550852881583165286615668
193,1.3.6.1.4.1.14519.5.2.1.6279.6001.113697708991260454310623082679
194,1.3.6.1.4.1.14519.5.2.1.6279.6001.300392272203629213913702120739
195,1.3.6.1.4.1.14519.5.2.1.6279.6001.160216916075817913953530562493
196,1.3.6.1.4.1.14519.5.2.1.6279.6001.143622857676008763729469324839
197,1.3.6.1.4.1.14519.5.2.1.6279.6001.144883090372691745980459537053
198,1.3.6.1.4.1.14519.5.2.1.6279.6001.189483585244687808087477024767
199,1.3.6.1.4.1.14519.5.2.1.6279.6001.335866409407244673864352309754
200,1.3.6.1.4.1.14519.5.2.1.6279.6001.478062284228419671253422844986
201,1.3.6.1.4.1.14519.5.2.1.6279.6001.693480911433291675609148051914
202,1.3.6.1.4.1.14519.5.2.1.6279.6001.221945191226273284587353530424
203,1.3.6.1.4.1.14519.5.2.1.6279.6001.249404938669582150398726875826
204,1.3.6.1.4.1.14519.5.2.1.6279.6001.805925269324902055566754756843
205,1.3.6.1.4.1.14519.5.2.1.6279.6001.463214953282361219537913355115
206,1.3.6.1.4.1.14519.5.2.1.6279.6001.311476128731958142981941696518
207,1.3.6.1.4.1.14519.5.2.1.6279.6001.144438612068946916340281098509
208,1.3.6.1.4.1.14519.5.2.1.6279.6001.317613170669207528926259976488
209,1.3.6.1.4.1.14519.5.2.1.6279.6001.149463915556499304732434215056
210,1.3.6.1.4.1.14519.5.2.1.6279.6001.223650122819238796121876338881
211,1.3.6.1.4.1.14519.5.2.1.6279.6001.614147706162329660656328811671
212,1.3.6.1.4.1.14519.5.2.1.6279.6001.328944769569002417592093467626
213,1.3.6.1.4.1.14519.5.2.1.6279.6001.174907798609768549012640380786
214,1.3.6.1.4.1.14519.5.2.1.6279.6001.771831598853841017505646275338
215,1.3.6.1.4.1.14519.5.2.1.6279.6001.126631670596873065041988320084
216,1.3.6.1.4.1.14519.5.2.1.6279.6001.293593766328917170359373773080
217,1.3.6.1.4.1.14519.5.2.1.6279.6001.250863365157630276148828903732
218,1.3.6.1.4.1.14519.5.2.1.6279.6001.243094273518213382155770295147
219,1.3.6.1.4.1.14519.5.2.1.6279.6001.156821379677057223126714881626
220,1.3.6.1.4.1.14519.5.2.1.6279.6001.664409965623578819357819577077
221,1.3.6.1.4.1.14519.5.2.1.6279.6001.306948744223170422945185006551
222,1.3.6.1.4.1.14519.5.2.1.6279.6001.188265424231150847356515802868
223,1.3.6.1.4.1.14519.5.2.1.6279.6001.232071262560365924176679652948
224,1.3.6.1.4.1.14519.5.2.1.6279.6001.283733738239331719775105586296
225,1.3.6.1.4.1.14519.5.2.1.6279.6001.102133688497886810253331438797
226,1.3.6.1.4.1.14519.5.2.1.6279.6001.161821150841552408667852639317
227,1.3.6.1.4.1.14519.5.2.1.6279.6001.148447286464082095534651426689
228,1.3.6.1.4.1.14519.5.2.1.6279.6001.910435939545691201820711078950
229,1.3.6.1.4.1.14519.5.2.1.6279.6001.304676828064484590312919543151
230,1.3.6.1.4.1.14519.5.2.1.6279.6001.504845428620607044098514803031
231,1.3.6.1.4.1.14519.5.2.1.6279.6001.147250707071097813243473865421
232,1.3.6.1.4.1.14519.5.2.1.6279.6001.105495028985881418176186711228
233,1.3.6.1.4.1.14519.5.2.1.6279.6001.230078008964732806419498631442
234,1.3.6.1.4.1.14519.5.2.1.6279.6001.253283426904813468115158375647
235,1.3.6.1.4.1.14519.5.2.1.6279.6001.323302986710576400812869264321
236,1.3.6.1.4.1.14519.5.2.1.6279.6001.295298571102631191572192562523
237,1.3.6.1.4.1.14519.5.2.1.6279.6001.120842785645314664964010792308
238,1.3.6.1.4.1.14519.5.2.1.6279.6001.487268565754493433372433148666
239,1.3.6.1.4.1.14519.5.2.1.6279.6001.183843376225716802567192412456
240,1.3.6.1.4.1.14519.5.2.1.6279.6001.952265563663939823135367733681
241,1.3.6.1.4.1.14519.5.2.1.6279.6001.162351539386551708034407968929
242,1.3.6.1.4.1.14519.5.2.1.6279.6001.217754016294471278921686508169
243,1.3.6.1.4.1.14519.5.2.1.6279.6001.154703816225841204080664115280
244,1.3.6.1.4.1.14519.5.2.1.6279.6001.117383608379722740629083782428
245,1.3.6.1.4.1.14519.5.2.1.6279.6001.277662902666135640561346462196
246,1.3.6.1.4.1.14519.5.2.1.6279.6001.141345499716190654505508410197
247,1.3.6.1.4.1.14519.5.2.1.6279.6001.178391668569567816549737454720
248,1.3.6.1.4.1.14519.5.2.1.6279.6001.141069661700670042960678408762
249,1.3.6.1.4.1.14519.5.2.1.6279.6001.179162671133894061547290922949
250,1.3.6.1.4.1.14519.5.2.1.6279.6001.946129570505893110165820050204
251,1.3.6.1.4.1.14519.5.2.1.6279.6001.450501966058662668272378865145
252,1.3.6.1.4.1.14519.5.2.1.6279.6001.276351267409869539593937734609
253,1.3.6.1.4.1.14519.5.2.1.6279.6001.994459772950022352718462251777
254,1.3.6.1.4.1.14519.5.2.1.6279.6001.162845309248822193437735868939
255,1.3.6.1.4.1.14519.5.2.1.6279.6001.190937805243443708408459490152
256,1.3.6.1.4.1.14519.5.2.1.6279.6001.162901839201654862079549658100
257,1.3.6.1.4.1.14519.5.2.1.6279.6001.183924380327950237519832859527
258,1.3.6.1.4.1.14519.5.2.1.6279.6001.336894364358709782463716339027
259,1.3.6.1.4.1.14519.5.2.1.6279.6001.169128136262002764211589185953
260,1.3.6.1.4.1.14519.5.2.1.6279.6001.163901773171373940247829492387
261,1.3.6.1.4.1.14519.5.2.1.6279.6001.111172165674661221381920536987
262,1.3.6.1.4.1.14519.5.2.1.6279.6001.479402560265137632920333093071
263,1.3.6.1.4.1.14519.5.2.1.6279.6001.850739282072340578344345230132
264,1.3.6.1.4.1.14519.5.2.1.6279.6001.397202838387416555106806022938
265,1.3.6.1.4.1.14519.5.2.1.6279.6001.100953483028192176989979435275
266,1.3.6.1.4.1.14519.5.2.1.6279.6001.134519406153127654901640638633
267,1.3.6.1.4.1.14519.5.2.1.6279.6001.306520140119968755187868602181
268,1.3.6.1.4.1.14519.5.2.1.6279.6001.561458563853929400124470098603
269,1.3.6.1.4.1.14519.5.2.1.6279.6001.100621383016233746780170740405
270,1.3.6.1.4.1.14519.5.2.1.6279.6001.273525289046256012743471155680
271,1.3.6.1.4.1.14519.5.2.1.6279.6001.332453873575389860371315979768
272,1.3.6.1.4.1.14519.5.2.1.6279.6001.780558315515979171413904604168
273,1.3.6.1.4.1.14519.5.2.1.6279.6001.231645134739451754302647733304
274,1.3.6.1.4.1.14519.5.2.1.6279.6001.394470743585708729682444806008
275,1.3.6.1.4.1.14519.5.2.1.6279.6001.254929810944557499537650429296
276,1.3.6.1.4.1.14519.5.2.1.6279.6001.300693623747082239407271583452
277,1.3.6.1.4.1.14519.5.2.1.6279.6001.139577698050713461261415990027
278,1.3.6.1.4.1.14519.5.2.1.6279.6001.303421828981831854739626597495
279,1.3.6.1.4.1.14519.5.2.1.6279.6001.184019785706727365023450012318
280,1.3.6.1.4.1.14519.5.2.1.6279.6001.129055977637338639741695800950
281,1.3.6.1.4.1.14519.5.2.1.6279.6001.160124400349792614505500125883
282,1.3.6.1.4.1.14519.5.2.1.6279.6001.340158437895922179455019686521
283,1.3.6.1.4.1.14519.5.2.1.6279.6001.167919147233131417984739058859
284,1.3.6.1.4.1.14519.5.2.1.6279.6001.268992195564407418480563388746
285,1.3.6.1.4.1.14519.5.2.1.6279.6001.151669338315069779994664893123
286,1.3.6.1.4.1.14519.5.2.1.6279.6001.230416590143922549745658357505
287,1.3.6.1.4.1.14519.5.2.1.6279.6001.259227883564429312164962953756
288,1.3.6.1.4.1.14519.5.2.1.6279.6001.306112617218006614029386065035
289,1.3.6.1.4.1.14519.5.2.1.6279.6001.200725988589959521302320481687
290,1.3.6.1.4.1.14519.5.2.1.6279.6001.320111824803959660037459294083
291,1.3.6.1.4.1.14519.5.2.1.6279.6001.119806527488108718706404165837
292,1.3.6.1.4.1.14519.5.2.1.6279.6001.222052723822248889877676736332
293,1.3.6.1.4.1.14519.5.2.1.6279.6001.179943248049071805421192715219
294,1.3.6.1.4.1.14519.5.2.1.6279.6001.204566802718283633558802774757
295,1.3.6.1.4.1.14519.5.2.1.6279.6001.184412674007117333405073397832
296,1.3.6.1.4.1.14519.5.2.1.6279.6001.203425588524695836343069893813
297,1.3.6.1.4.1.14519.5.2.1.6279.6001.153181766344026020914478182395
298,1.3.6.1.4.1.14519.5.2.1.6279.6001.276710697414087561012670296643
299,1.3.6.1.4.1.14519.5.2.1.6279.6001.436403998650924660479049012235
300,1.3.6.1.4.1.14519.5.2.1.6279.6001.311236942972970815890902714604
301,1.3.6.1.4.1.14519.5.2.1.6279.6001.792381786708289670758399079830
302,1.3.6.1.4.1.14519.5.2.1.6279.6001.152684536713461901635595118048
303,1.3.6.1.4.1.14519.5.2.1.6279.6001.449254134266555649028108149727
304,1.3.6.1.4.1.14519.5.2.1.6279.6001.202643836890896697853521610450
305,1.3.6.1.4.1.14519.5.2.1.6279.6001.126121460017257137098781143514
306,1.3.6.1.4.1.14519.5.2.1.6279.6001.194766721609772924944646251928
307,1.3.6.1.4.1.14519.5.2.1.6279.6001.300270516469599170290456821227
308,1.3.6.1.4.1.14519.5.2.1.6279.6001.148935306123327835217659769212
309,1.3.6.1.4.1.14519.5.2.1.6279.6001.592821488053137951302246128864
310,1.3.6.1.4.1.14519.5.2.1.6279.6001.240969450540588211676803094518
311,1.3.6.1.4.1.14519.5.2.1.6279.6001.130438550890816550994739120843
312,1.3.6.1.4.1.14519.5.2.1.6279.6001.129650136453746261130135157590
313,1.3.6.1.4.1.14519.5.2.1.6279.6001.247769845138587733933485039556
314,1.3.6.1.4.1.14519.5.2.1.6279.6001.861997885565255340442123234170
315,1.3.6.1.4.1.14519.5.2.1.6279.6001.323753921818102744511069914832
316,1.3.6.1.4.1.14519.5.2.1.6279.6001.287966244644280690737019247886
317,1.3.6.1.4.1.14519.5.2.1.6279.6001.242761658169703141430370511586
318,1.3.6.1.4.1.14519.5.2.1.6279.6001.603126300703296693942875967838
319,1.3.6.1.4.1.14519.5.2.1.6279.6001.897279226481700053115245043064
320,1.3.6.1.4.1.14519.5.2.1.6279.6001.265133389948279331857097127422
321,1.3.6.1.4.1.14519.5.2.1.6279.6001.200841000324240313648595016964
322,1.3.6.1.4.1.14519.5.2.1.6279.6001.106419850406056634877579573537
323,1.3.6.1.4.1.14519.5.2.1.6279.6001.135657246677982059395844827629
324,1.3.6.1.4.1.14519.5.2.1.6279.6001.203179378754043776171267611064
325,1.3.6.1.4.1.14519.5.2.1.6279.6001.179209990684978588019929720099
326,1.3.6.1.4.1.14519.5.2.1.6279.6001.230491296081537726468075344411
327,1.3.6.1.4.1.14519.5.2.1.6279.6001.259543921154154401875872845498
328,1.3.6.1.4.1.14519.5.2.1.6279.6001.461155505515403114280165935891
329,1.3.6.1.4.1.14519.5.2.1.6279.6001.315187221221054114974341475212
330,1.3.6.1.4.1.14519.5.2.1.6279.6001.117040183261056772902616195387
331,1.3.6.1.4.1.14519.5.2.1.6279.6001.233001470265230594739708503198
332,1.3.6.1.4.1.14519.5.2.1.6279.6001.151764021165118974848436095034
333,1.3.6.1.4.1.14519.5.2.1.6279.6001.269689294231892620436462818860
334,1.3.6.1.4.1.14519.5.2.1.6279.6001.908250781706513856628130123235
335,1.3.6.1.4.1.14519.5.2.1.6279.6001.811825890493256320617655474043
336,1.3.6.1.4.1.14519.5.2.1.6279.6001.167237290696350215427953159586
337,1.3.6.1.4.1.14519.5.2.1.6279.6001.241570579760883349458693655367
338,1.3.6.1.4.1.14519.5.2.1.6279.6001.303865116731361029078599241306
339,1.3.6.1.4.1.14519.5.2.1.6279.6001.123697637451437522065941162930
340,1.3.6.1.4.1.14519.5.2.1.6279.6001.280125803152924778388346920341
341,1.3.6.1.4.1.14519.5.2.1.6279.6001.194632613233275988184244485809
342,1.3.6.1.4.1.14519.5.2.1.6279.6001.195913706607582347421429908613
343,1.3.6.1.4.1.14519.5.2.1.6279.6001.227968442353440630355230778531
344,1.3.6.1.4.1.14519.5.2.1.6279.6001.245546033414728092794968890929
345,1.3.6.1.4.1.14519.5.2.1.6279.6001.910607280658963002048724648683
346,1.3.6.1.4.1.14519.5.2.1.6279.6001.324649110927013926557500550446
347,1.3.6.1.4.1.14519.5.2.1.6279.6001.140527383975300992150799777603
348,1.3.6.1.4.1.14519.5.2.1.6279.6001.776429308535398795601496131524
349,1.3.6.1.4.1.14519.5.2.1.6279.6001.213022585153512920098588556742
350,1.3.6.1.4.1.14519.5.2.1.6279.6001.292576688635952269497781991202
351,1.3.6.1.4.1.14519.5.2.1.6279.6001.254473943359963613733707320244
352,1.3.6.1.4.1.14519.5.2.1.6279.6001.128059192202504367870633619224
353,1.3.6.1.4.1.14519.5.2.1.6279.6001.174168737938619557573021395302
354,1.3.6.1.4.1.14519.5.2.1.6279.6001.182192086929819295877506541021
355,1.3.6.1.4.1.14519.5.2.1.6279.6001.481278873893653517789960724156
356,1.3.6.1.4.1.14519.5.2.1.6279.6001.257840703452266097926250569223
357,1.3.6.1.4.1.14519.5.2.1.6279.6001.138813197521718693188313387015
358,1.3.6.1.4.1.14519.5.2.1.6279.6001.315918264676377418120578391325
359,1.3.6.1.4.1.14519.5.2.1.6279.6001.217697417596902141600884006982
360,1.3.6.1.4.1.14519.5.2.1.6279.6001.885168397833922082085837240429
361,1.3.6.1.4.1.14519.5.2.1.6279.6001.305887072264491016857673607285
362,1.3.6.1.4.1.14519.5.2.1.6279.6001.183056151780567460322586876100
363,1.3.6.1.4.1.14519.5.2.1.6279.6001.323541312620128092852212458228
364,1.3.6.1.4.1.14519.5.2.1.6279.6001.265775376735520890308424143898
365,1.3.6.1.4.1.14519.5.2.1.6279.6001.315214756157389122376518747372
366,1.3.6.1.4.1.14519.5.2.1.6279.6001.621916089407825046337959219998
367,1.3.6.1.4.1.14519.5.2.1.6279.6001.121108220866971173712229588402
368,1.3.6.1.4.1.14519.5.2.1.6279.6001.286061375572911414226912429210
369,1.3.6.1.4.1.14519.5.2.1.6279.6001.190144948425835566841437565646
370,1.3.6.1.4.1.14519.5.2.1.6279.6001.143813757344903170810482790787
371,1.3.6.1.4.1.14519.5.2.1.6279.6001.138904664700896606480369521124
372,1.3.6.1.4.1.14519.5.2.1.6279.6001.888291896309937415860209787179
373,1.3.6.1.4.1.14519.5.2.1.6279.6001.216252660192313507027754194207
374,1.3.6.1.4.1.14519.5.2.1.6279.6001.122621219961396951727742490470
375,1.3.6.1.4.1.14519.5.2.1.6279.6001.341557859428950960906150406596
376,1.3.6.1.4.1.14519.5.2.1.6279.6001.308655308958459380153492314021
377,1.3.6.1.4.1.14519.5.2.1.6279.6001.281489753704424911132261151767
378,1.3.6.1.4.1.14519.5.2.1.6279.6001.106630482085576298661469304872
379,1.3.6.1.4.1.14519.5.2.1.6279.6001.229860476925100292554329427970
380,1.3.6.1.4.1.14519.5.2.1.6279.6001.282512043257574309474415322775
381,1.3.6.1.4.1.14519.5.2.1.6279.6001.259453428008507791234730686014
382,1.3.6.1.4.1.14519.5.2.1.6279.6001.253317247142837717905329340520
383,1.3.6.1.4.1.14519.5.2.1.6279.6001.470912100568074901744259213968
384,1.3.6.1.4.1.14519.5.2.1.6279.6001.100684836163890911914061745866
385,1.3.6.1.4.1.14519.5.2.1.6279.6001.314836406260772370397541392345
386,1.3.6.1.4.1.14519.5.2.1.6279.6001.416701701108520592702405866796
387,1.3.6.1.4.1.14519.5.2.1.6279.6001.842317928015463083368074520378
388,1.3.6.1.4.1.14519.5.2.1.6279.6001.725023183844147505748475581290
389,1.3.6.1.4.1.14519.5.2.1.6279.6001.128881800399702510818644205032
390,1.3.6.1.4.1.14519.5.2.1.6279.6001.724562063158320418413995627171
391,1.3.6.1.4.1.14519.5.2.1.6279.6001.404364125369979066736354549484
392,1.3.6.1.4.1.14519.5.2.1.6279.6001.111258527162678142285870245028
393,1.3.6.1.4.1.14519.5.2.1.6279.6001.210426531621179400035178209430
394,1.3.6.1.4.1.14519.5.2.1.6279.6001.219428004988664846407984058588
395,1.3.6.1.4.1.14519.5.2.1.6279.6001.275849601663847251574860892603
396,1.3.6.1.4.1.14519.5.2.1.6279.6001.167500254299688235071950909530
397,1.3.6.1.4.1.14519.5.2.1.6279.6001.747803439040091794717626507402
398,1.3.6.1.4.1.14519.5.2.1.6279.6001.106379658920626694402549886949
399,1.3.6.1.4.1.14519.5.2.1.6279.6001.373433682859788429397781158572
400,1.3.6.1.4.1.14519.5.2.1.6279.6001.194488534645348916700259325236
401,1.3.6.1.4.1.14519.5.2.1.6279.6001.398955972049286139436103068984
402,1.3.6.1.4.1.14519.5.2.1.6279.6001.237215747217294006286437405216
403,1.3.6.1.4.1.14519.5.2.1.6279.6001.210837812047373739447725050963
404,1.3.6.1.4.1.14519.5.2.1.6279.6001.707218743153927597786179232739
405,1.3.6.1.4.1.14519.5.2.1.6279.6001.888615810685807330497715730842
406,1.3.6.1.4.1.14519.5.2.1.6279.6001.690929968028676628605553365896
407,1.3.6.1.4.1.14519.5.2.1.6279.6001.802595762867498341201607992711
408,1.3.6.1.4.1.14519.5.2.1.6279.6001.898642529028521482602829374444
409,1.3.6.1.4.1.14519.5.2.1.6279.6001.106164978370116976238911317774
410,1.3.6.1.4.1.14519.5.2.1.6279.6001.187694838527128312070807533473
411,1.3.6.1.4.1.14519.5.2.1.6279.6001.339546614783708685476232944897
412,1.3.6.1.4.1.14519.5.2.1.6279.6001.337005960787660957389988207064
413,1.3.6.1.4.1.14519.5.2.1.6279.6001.965620538050807352935663552285
414,1.3.6.1.4.1.14519.5.2.1.6279.6001.163994693532965040247348251579
415,1.3.6.1.4.1.14519.5.2.1.6279.6001.202187810895588720702176009630
416,1.3.6.1.4.1.14519.5.2.1.6279.6001.188376349804761988217597754952
417,1.3.6.1.4.1.14519.5.2.1.6279.6001.204287915902811325371247860532
418,1.3.6.1.4.1.14519.5.2.1.6279.6001.367204840301639918160517361062
419,1.3.6.1.4.1.14519.5.2.1.6279.6001.970428941353693253759289796610
420,1.3.6.1.4.1.14519.5.2.1.6279.6001.803808126682275425758092691689
421,1.3.6.1.4.1.14519.5.2.1.6279.6001.177086402277715068525592995222
422,1.3.6.1.4.1.14519.5.2.1.6279.6001.596908385953413160131451426904
423,1.3.6.1.4.1.14519.5.2.1.6279.6001.227707494413800460340110762069
424,1.3.6.1.4.1.14519.5.2.1.6279.6001.194440094986948071643661798326
425,1.3.6.1.4.1.14519.5.2.1.6279.6001.111780708132595903430640048766
426,1.3.6.1.4.1.14519.5.2.1.6279.6001.313283554967554803238484128406
427,1.3.6.1.4.1.14519.5.2.1.6279.6001.267519732763035023633235877753
428,1.3.6.1.4.1.14519.5.2.1.6279.6001.229096941293122177107846044795
429,1.3.6.1.4.1.14519.5.2.1.6279.6001.192419869605596446455526220766
430,1.3.6.1.4.1.14519.5.2.1.6279.6001.214252223927572015414741039150
431,1.3.6.1.4.1.14519.5.2.1.6279.6001.123654356399290048011621921476
432,1.3.6.1.4.1.14519.5.2.1.6279.6001.248360766706804179966476685510
433,1.3.6.1.4.1.14519.5.2.1.6279.6001.161633200801003804714818844696
434,1.3.6.1.4.1.14519.5.2.1.6279.6001.927394449308471452920270961822
435,1.3.6.1.4.1.14519.5.2.1.6279.6001.143410010885830403003179808334
436,1.3.6.1.4.1.14519.5.2.1.6279.6001.130765375502800983459674173881
437,1.3.6.1.4.1.14519.5.2.1.6279.6001.513023675145166449943177283490
438,1.3.6.1.4.1.14519.5.2.1.6279.6001.204303454658845815034433453512
439,1.3.6.1.4.1.14519.5.2.1.6279.6001.168605638657404145360275453085
440,1.3.6.1.4.1.14519.5.2.1.6279.6001.315770913282450940389971401304
441,1.3.6.1.4.1.14519.5.2.1.6279.6001.312704771348460502013249647868
442,1.3.6.1.4.1.14519.5.2.1.6279.6001.943403138251347598519939390311
443,1.3.6.1.4.1.14519.5.2.1.6279.6001.216652640878960522552873394709
444,1.3.6.1.4.1.14519.5.2.1.6279.6001.164790817284381538042494285101
445,1.3.6.1.4.1.14519.5.2.1.6279.6001.200558451375970945040979397866
446,1.3.6.1.4.1.14519.5.2.1.6279.6001.670107649586205629860363487713
447,1.3.6.1.4.1.14519.5.2.1.6279.6001.188059920088313909273628445208
448,1.3.6.1.4.1.14519.5.2.1.6279.6001.254957696184671649675053562027
449,1.3.6.1.4.1.14519.5.2.1.6279.6001.306788423710427765311352901943
450,1.3.6.1.4.1.14519.5.2.1.6279.6001.640729228179368154416184318668
451,1.3.6.1.4.1.14519.5.2.1.6279.6001.197063290812663596858124411210
452,1.3.6.1.4.1.14519.5.2.1.6279.6001.219254430927834326484477690403
453,1.3.6.1.4.1.14519.5.2.1.6279.6001.248425363469507808613979846863
454,1.3.6.1.4.1.14519.5.2.1.6279.6001.309672797925724868457151381131
455,1.3.6.1.4.1.14519.5.2.1.6279.6001.292994770358625142596171316474
456,1.3.6.1.4.1.14519.5.2.1.6279.6001.765459236550358748053283544075
457,1.3.6.1.4.1.14519.5.2.1.6279.6001.202283133206014258077705539227
458,1.3.6.1.4.1.14519.5.2.1.6279.6001.223098610241551815995595311693
459,1.3.6.1.4.1.14519.5.2.1.6279.6001.319066480138812986026181758474
460,1.3.6.1.4.1.14519.5.2.1.6279.6001.313605260055394498989743099991
461,1.3.6.1.4.1.14519.5.2.1.6279.6001.404457313935200882843898832756
462,1.3.6.1.4.1.14519.5.2.1.6279.6001.164988920331211858091402361989
463,1.3.6.1.4.1.14519.5.2.1.6279.6001.237428977311365557972720635401
464,1.3.6.1.4.1.14519.5.2.1.6279.6001.472487466001405705666001578363
465,1.3.6.1.4.1.14519.5.2.1.6279.6001.323859712968543712594665815359
466,1.3.6.1.4.1.14519.5.2.1.6279.6001.194465340552956447447896167830
467,1.3.6.1.4.1.14519.5.2.1.6279.6001.270390050141765094612147226290
468,1.3.6.1.4.1.14519.5.2.1.6279.6001.252634638822000832774167856951
469,1.3.6.1.4.1.14519.5.2.1.6279.6001.172573195301625265149778785969
470,1.3.6.1.4.1.14519.5.2.1.6279.6001.944888107209008719031293531091
471,1.3.6.1.4.1.14519.5.2.1.6279.6001.136830368929967292376608088362
472,1.3.6.1.4.1.14519.5.2.1.6279.6001.188209889686363159853715266493
473,1.3.6.1.4.1.14519.5.2.1.6279.6001.150097650621090951325113116280
474,1.3.6.1.4.1.14519.5.2.1.6279.6001.109002525524522225658609808059
475,1.3.6.1.4.1.14519.5.2.1.6279.6001.193808128386712859512130599234
476,1.3.6.1.4.1.14519.5.2.1.6279.6001.766881513533845439335142582269
477,1.3.6.1.4.1.14519.5.2.1.6279.6001.447468612991222399440694673357
478,1.3.6.1.4.1.14519.5.2.1.6279.6001.483655032093002252444764787700
479,1.3.6.1.4.1.14519.5.2.1.6279.6001.296738183013079390785739615169
480,1.3.6.1.4.1.14519.5.2.1.6279.6001.325580698241281352835338693869
481,1.3.6.1.4.1.14519.5.2.1.6279.6001.176030616406569931557298712518
482,1.3.6.1.4.1.14519.5.2.1.6279.6001.250438451287314206124484591986
483,1.3.6.1.4.1.14519.5.2.1.6279.6001.179683407589764683292800449011
484,1.3.6.1.4.1.14519.5.2.1.6279.6001.231002159523969307155990628066
485,1.3.6.1.4.1.14519.5.2.1.6279.6001.130036599816889919308975074972
486,1.3.6.1.4.1.14519.5.2.1.6279.6001.534006575256943390479252771547
487,1.3.6.1.4.1.14519.5.2.1.6279.6001.743969234977916254223533321294
488,1.3.6.1.4.1.14519.5.2.1.6279.6001.749871569713868632259874663577
489,1.3.6.1.4.1.14519.5.2.1.6279.6001.310626494937915759224334597176
490,1.3.6.1.4.1.14519.5.2.1.6279.6001.154837327827713479309898027966
491,1.3.6.1.4.1.14519.5.2.1.6279.6001.324567010179873305471925391582
492,1.3.6.1.4.1.14519.5.2.1.6279.6001.316393351033132458296975008261
493,1.3.6.1.4.1.14519.5.2.1.6279.6001.198016798894102791158686961192
494,1.3.6.1.4.1.14519.5.2.1.6279.6001.238042459915048190592571019348
495,1.3.6.1.4.1.14519.5.2.1.6279.6001.305858704835252413616501469037
496,1.3.6.1.4.1.14519.5.2.1.6279.6001.826812708000318290301835871780
497,1.3.6.1.4.1.14519.5.2.1.6279.6001.171682845383273105440297561095
498,1.3.6.1.4.1.14519.5.2.1.6279.6001.147325126373007278009743173696
499,1.3.6.1.4.1.14519.5.2.1.6279.6001.557875302364105947813979213632
500,1.3.6.1.4.1.14519.5.2.1.6279.6001.171919524048654494439256263785
501,1.3.6.1.4.1.14519.5.2.1.6279.6001.114249388265341701207347458535
502,1.3.6.1.4.1.14519.5.2.1.6279.6001.255999614855292116767517149228
503,1.3.6.1.4.1.14519.5.2.1.6279.6001.172845185165807139298420209778
504,1.3.6.1.4.1.14519.5.2.1.6279.6001.213854687290736562463866711534
505,1.3.6.1.4.1.14519.5.2.1.6279.6001.624425075947752229712087113746
506,1.3.6.1.4.1.14519.5.2.1.6279.6001.339039410276356623209709113755
507,1.3.6.1.4.1.14519.5.2.1.6279.6001.220596530836092324070084384692
508,1.3.6.1.4.1.14519.5.2.1.6279.6001.183982839679953938397312236359
509,1.3.6.1.4.1.14519.5.2.1.6279.6001.177785764461425908755977367558
510,1.3.6.1.4.1.14519.5.2.1.6279.6001.336102335330125765000317290445
511,1.3.6.1.4.1.14519.5.2.1.6279.6001.338114620394879648539943280992
512,1.3.6.1.4.1.14519.5.2.1.6279.6001.232011770495640253949434620907
513,1.3.6.1.4.1.14519.5.2.1.6279.6001.387954549120924524005910602207
514,1.3.6.1.4.1.14519.5.2.1.6279.6001.603166427542096384265514998412
515,1.3.6.1.4.1.14519.5.2.1.6279.6001.303066851236267189733420290986
516,1.3.6.1.4.1.14519.5.2.1.6279.6001.193964947698259739624715468431
517,1.3.6.1.4.1.14519.5.2.1.6279.6001.268838889380981659524993261082
518,1.3.6.1.4.1.14519.5.2.1.6279.6001.170825539570536865106681134236
519,1.3.6.1.4.1.14519.5.2.1.6279.6001.138674679709964033277400089532
520,1.3.6.1.4.1.14519.5.2.1.6279.6001.139258777898746693365877042411
521,1.3.6.1.4.1.14519.5.2.1.6279.6001.935683764293840351008008793409
522,1.3.6.1.4.1.14519.5.2.1.6279.6001.179730018513720561213088132029
523,1.3.6.1.4.1.14519.5.2.1.6279.6001.241083615484551649610616348856
524,1.3.6.1.4.1.14519.5.2.1.6279.6001.177685820605315926524514718990
525,1.3.6.1.4.1.14519.5.2.1.6279.6001.316900421002460665752357657094
526,1.3.6.1.4.1.14519.5.2.1.6279.6001.208511362832825683639135205368
527,1.3.6.1.4.1.14519.5.2.1.6279.6001.163931625580639955914619627409
528,1.3.6.1.4.1.14519.5.2.1.6279.6001.997611074084993415992563148335
529,1.3.6.1.4.1.14519.5.2.1.6279.6001.215086589927307766627151367533
530,1.3.6.1.4.1.14519.5.2.1.6279.6001.750792629100457382099842515038
531,1.3.6.1.4.1.14519.5.2.1.6279.6001.296863826932699509516219450076
532,1.3.6.1.4.1.14519.5.2.1.6279.6001.986011151772797848993829243183
533,1.3.6.1.4.1.14519.5.2.1.6279.6001.196251645377731223510086726530
534,1.3.6.1.4.1.14519.5.2.1.6279.6001.292057261351416339496913597985
535,1.3.6.1.4.1.14519.5.2.1.6279.6001.613212850444255764524630781782
536,1.3.6.1.4.1.14519.5.2.1.6279.6001.121805476976020513950614465787
537,1.3.6.1.4.1.14519.5.2.1.6279.6001.270951128717816232360812849541
538,1.3.6.1.4.1.14519.5.2.1.6279.6001.159996104466052855396410079250
539,1.3.6.1.4.1.14519.5.2.1.6279.6001.255409701134762680010928250229
540,1.3.6.1.4.1.14519.5.2.1.6279.6001.244681063194071446501270815660
541,1.3.6.1.4.1.14519.5.2.1.6279.6001.246178337114401749164850220976
542,1.3.6.1.4.1.14519.5.2.1.6279.6001.286422846896797433168187085942
543,1.3.6.1.4.1.14519.5.2.1.6279.6001.275007193025729362844652516689
544,1.3.6.1.4.1.14519.5.2.1.6279.6001.725236073737175770730904408416
545,1.3.6.1.4.1.14519.5.2.1.6279.6001.206097113343059612247503064658
546,1.3.6.1.4.1.14519.5.2.1.6279.6001.246225645401227472829175288633
547,1.3.6.1.4.1.14519.5.2.1.6279.6001.892375496445736188832556446335
548,1.3.6.1.4.1.14519.5.2.1.6279.6001.308153138776443962077214577161
549,1.3.6.1.4.1.14519.5.2.1.6279.6001.176362912420491262783064585333
550,1.3.6.1.4.1.14519.5.2.1.6279.6001.314789075871001236641548593165
551,1.3.6.1.4.1.14519.5.2.1.6279.6001.240630002689062442926543993263
552,1.3.6.1.4.1.14519.5.2.1.6279.6001.272123398257168239653655006815
553,1.3.6.1.4.1.14519.5.2.1.6279.6001.257515388956260258681136624817
554,1.3.6.1.4.1.14519.5.2.1.6279.6001.118140393257625250121502185026
555,1.3.6.1.4.1.14519.5.2.1.6279.6001.190298296009658115773239776160
556,1.3.6.1.4.1.14519.5.2.1.6279.6001.837810280808122125183730411210
557,1.3.6.1.4.1.14519.5.2.1.6279.6001.475325201787910087416720919680
558,1.3.6.1.4.1.14519.5.2.1.6279.6001.931383239747372227838946053237
559,1.3.6.1.4.1.14519.5.2.1.6279.6001.175318131822744218104175746898
560,1.3.6.1.4.1.14519.5.2.1.6279.6001.104780906131535625872840889059
561,1.3.6.1.4.1.14519.5.2.1.6279.6001.302134342469412607966016057827
562,1.3.6.1.4.1.14519.5.2.1.6279.6001.215104063467523905369326175410
563,1.3.6.1.4.1.14519.5.2.1.6279.6001.219618492426142913407827034169
564,1.3.6.1.4.1.14519.5.2.1.6279.6001.272042302501586336192628818865
565,1.3.6.1.4.1.14519.5.2.1.6279.6001.100398138793540579077826395208
566,1.3.6.1.4.1.14519.5.2.1.6279.6001.897161587681142256575045076919
567,1.3.6.1.4.1.14519.5.2.1.6279.6001.134996872583497382954024478441
568,1.3.6.1.4.1.14519.5.2.1.6279.6001.404768898286087278137462774930
569,1.3.6.1.4.1.14519.5.2.1.6279.6001.257383535269991165447822992959
570,1.3.6.1.4.1.14519.5.2.1.6279.6001.249530219848512542668813996730
571,1.3.6.1.4.1.14519.5.2.1.6279.6001.211071908915618528829547301883
572,1.3.6.1.4.1.14519.5.2.1.6279.6001.259124675432205040899951626253
573,1.3.6.1.4.1.14519.5.2.1.6279.6001.206539885154775002929031534291
574,1.3.6.1.4.1.14519.5.2.1.6279.6001.281967919138248195763602360723
575,1.3.6.1.4.1.14519.5.2.1.6279.6001.162718361851587451505896742103
576,1.3.6.1.4.1.14519.5.2.1.6279.6001.103115201714075993579787468219
577,1.3.6.1.4.1.14519.5.2.1.6279.6001.265453131727473342790950829556
578,1.3.6.1.4.1.14519.5.2.1.6279.6001.247816269490470394602288565775
579,1.3.6.1.4.1.14519.5.2.1.6279.6001.295420274214095686326263147663
580,1.3.6.1.4.1.14519.5.2.1.6279.6001.957384617596077920906744920611
581,1.3.6.1.4.1.14519.5.2.1.6279.6001.107109359065300889765026303943
582,1.3.6.1.4.1.14519.5.2.1.6279.6001.199171741859530285887752432478
583,1.3.6.1.4.1.14519.5.2.1.6279.6001.211956804948320236390242845468
584,1.3.6.1.4.1.14519.5.2.1.6279.6001.197987940182806628828566429132
585,1.3.6.1.4.1.14519.5.2.1.6279.6001.202811684116768680758082619196
586,1.3.6.1.4.1.14519.5.2.1.6279.6001.300136985030081433029390459071
587,1.3.6.1.4.1.14519.5.2.1.6279.6001.209269973797560820442292189762
588,1.3.6.1.4.1.14519.5.2.1.6279.6001.211051626197585058967163339846
589,1.3.6.1.4.1.14519.5.2.1.6279.6001.242624386080831911167122628616
590,1.3.6.1.4.1.14519.5.2.1.6279.6001.193721075067404532739943086458
591,1.3.6.1.4.1.14519.5.2.1.6279.6001.238019241099704094018548301753
592,1.3.6.1.4.1.14519.5.2.1.6279.6001.235364978775280910367690540811
593,1.3.6.1.4.1.14519.5.2.1.6279.6001.119304665257760307862874140576
594,1.3.6.1.4.1.14519.5.2.1.6279.6001.276556509002726404418399209377
595,1.3.6.1.4.1.14519.5.2.1.6279.6001.168037818448885856452592057286
596,1.3.6.1.4.1.14519.5.2.1.6279.6001.330544495001617450666819906758
597,1.3.6.1.4.1.14519.5.2.1.6279.6001.440226700369921575481834344455
598,1.3.6.1.4.1.14519.5.2.1.6279.6001.285926554490515269336267972830
599,1.3.6.1.4.1.14519.5.2.1.6279.6001.392861216720727557882279374324
600,1.3.6.1.4.1.14519.5.2.1.6279.6001.225515255547637437801620523312
601,1.3.6.1.4.1.14519.5.2.1.6279.6001.219281726101239572270900838145
602,1.3.6.1.4.1.14519.5.2.1.6279.6001.208737629504245244513001631764
603,1.3.6.1.4.1.14519.5.2.1.6279.6001.401389720232123950202941034290
604,1.3.6.1.4.1.14519.5.2.1.6279.6001.187451715205085403623595258748
605,1.3.6.1.4.1.14519.5.2.1.6279.6001.295462530340364058116953738925
606,1.3.6.1.4.1.14519.5.2.1.6279.6001.234400932423244218697302970157
607,1.3.6.1.4.1.14519.5.2.1.6279.6001.803987517543436570820681016103
608,1.3.6.1.4.1.14519.5.2.1.6279.6001.185226274332527104841463955058
609,1.3.6.1.4.1.14519.5.2.1.6279.6001.657775098760536289051744981056
610,1.3.6.1.4.1.14519.5.2.1.6279.6001.168833925301530155818375859047
611,1.3.6.1.4.1.14519.5.2.1.6279.6001.100530488926682752765845212286
612,1.3.6.1.4.1.14519.5.2.1.6279.6001.466284753932369813717081722101
613,1.3.6.1.4.1.14519.5.2.1.6279.6001.168985655485163461062675655739
614,1.3.6.1.4.1.14519.5.2.1.6279.6001.897684031374557757145405000951
615,1.3.6.1.4.1.14519.5.2.1.6279.6001.170052181746004939527661217512
616,1.3.6.1.4.1.14519.5.2.1.6279.6001.504324996863016748259361352296
617,1.3.6.1.4.1.14519.5.2.1.6279.6001.106719103982792863757268101375
618,1.3.6.1.4.1.14519.5.2.1.6279.6001.291539125579672469833850180824
619,1.3.6.1.4.1.14519.5.2.1.6279.6001.122914038048856168343065566972
620,1.3.6.1.4.1.14519.5.2.1.6279.6001.288701997968615460794642979503
621,1.3.6.1.4.1.14519.5.2.1.6279.6001.156016499715048493339281864474
622,1.3.6.1.4.1.14519.5.2.1.6279.6001.213140617640021803112060161074
623,1.3.6.1.4.1.14519.5.2.1.6279.6001.205852555362702089950453265567
624,1.3.6.1.4.1.14519.5.2.1.6279.6001.297433269262659217151107535012
625,1.3.6.1.4.1.14519.5.2.1.6279.6001.225154811831720426832024114593
626,1.3.6.1.4.1.14519.5.2.1.6279.6001.271307051432838466826189754230
627,1.3.6.1.4.1.14519.5.2.1.6279.6001.443400977949406454649939526179
628,1.3.6.1.4.1.14519.5.2.1.6279.6001.832260670372728970918746541371
629,1.3.6.1.4.1.14519.5.2.1.6279.6001.969607480572818589276327766720
630,1.3.6.1.4.1.14519.5.2.1.6279.6001.246758220302211646532176593724
631,1.3.6.1.4.1.14519.5.2.1.6279.6001.186021279664749879526003668137
632,1.3.6.1.4.1.14519.5.2.1.6279.6001.182798854785392200340436516930
633,1.3.6.1.4.1.14519.5.2.1.6279.6001.226152078193253087875725735761
634,1.3.6.1.4.1.14519.5.2.1.6279.6001.300246184547502297539521283806
635,1.3.6.1.4.1.14519.5.2.1.6279.6001.300146276266881736689307479986
636,1.3.6.1.4.1.14519.5.2.1.6279.6001.226889213794065160713547677129
637,1.3.6.1.4.1.14519.5.2.1.6279.6001.323426705628838942177546503237
638,1.3.6.1.4.1.14519.5.2.1.6279.6001.254254303842550572473665729969
639,1.3.6.1.4.1.14519.5.2.1.6279.6001.331211682377519763144559212009
640,1.3.6.1.4.1.14519.5.2.1.6279.6001.159665703190517688573100822213
641,1.3.6.1.4.1.14519.5.2.1.6279.6001.397062004302272014259317520874
642,1.3.6.1.4.1.14519.5.2.1.6279.6001.765930210026773090100532964804
643,1.3.6.1.4.1.14519.5.2.1.6279.6001.237915456403882324748189195892
644,1.3.6.1.4.1.14519.5.2.1.6279.6001.277452631455527999380186898011
645,1.3.6.1.4.1.14519.5.2.1.6279.6001.129567032250534530765928856531
646,1.3.6.1.4.1.14519.5.2.1.6279.6001.145510611155363050427743946446
647,1.3.6.1.4.1.14519.5.2.1.6279.6001.299476369290630280560355838785
648,1.3.6.1.4.1.14519.5.2.1.6279.6001.124663713663969377020085460568
649,1.3.6.1.4.1.14519.5.2.1.6279.6001.663019255629770796363333877035
650,1.3.6.1.4.1.14519.5.2.1.6279.6001.220205300714852483483213840572
651,1.3.6.1.4.1.14519.5.2.1.6279.6001.139595277234735528205899724196
652,1.3.6.1.4.1.14519.5.2.1.6279.6001.146603910507557786636779705509
653,1.3.6.1.4.1.14519.5.2.1.6279.6001.126264578931778258890371755354
654,1.3.6.1.4.1.14519.5.2.1.6279.6001.566816709786169715745131047975
655,1.3.6.1.4.1.14519.5.2.1.6279.6001.177985905159808659201278495182
656,1.3.6.1.4.1.14519.5.2.1.6279.6001.266009527139315622265711325223
657,1.3.6.1.4.1.14519.5.2.1.6279.6001.195557219224169985110295082004
658,1.3.6.1.4.1.14519.5.2.1.6279.6001.308183340111270052562662456038
659,1.3.6.1.4.1.14519.5.2.1.6279.6001.199975006921901879512837687266
660,1.3.6.1.4.1.14519.5.2.1.6279.6001.278660284797073139172446973682
661,1.3.6.1.4.1.14519.5.2.1.6279.6001.154677396354641150280013275227
662,1.3.6.1.4.1.14519.5.2.1.6279.6001.107351566259572521472765997306
663,1.3.6.1.4.1.14519.5.2.1.6279.6001.334105754605642100456249422350
664,1.3.6.1.4.1.14519.5.2.1.6279.6001.200837896655745926888305239398
665,1.3.6.1.4.1.14519.5.2.1.6279.6001.262736997975960398949912434623
666,1.3.6.1.4.1.14519.5.2.1.6279.6001.430109407146633213496148200410
667,1.3.6.1.4.1.14519.5.2.1.6279.6001.290410217650314119074833254861
668,1.3.6.1.4.1.14519.5.2.1.6279.6001.142154819868944114554521645782
669,1.3.6.1.4.1.14519.5.2.1.6279.6001.272961322147784625028175033640
670,1.3.6.1.4.1.14519.5.2.1.6279.6001.228511122591230092662900221600
671,1.3.6.1.4.1.14519.5.2.1.6279.6001.111496024928645603833332252962
672,1.3.6.1.4.1.14519.5.2.1.6279.6001.270215889102603268207599305185
673,1.3.6.1.4.1.14519.5.2.1.6279.6001.627998298349675613581885874395
674,1.3.6.1.4.1.14519.5.2.1.6279.6001.170706757615202213033480003264
675,1.3.6.1.4.1.14519.5.2.1.6279.6001.340012777775661021262977442176
676,1.3.6.1.4.1.14519.5.2.1.6279.6001.271220641987745483198036913951
677,1.3.6.1.4.1.14519.5.2.1.6279.6001.132817748896065918417924920957
678,1.3.6.1.4.1.14519.5.2.1.6279.6001.292049618819567427252971059233
679,1.3.6.1.4.1.14519.5.2.1.6279.6001.191266041369462391833537519639
680,1.3.6.1.4.1.14519.5.2.1.6279.6001.323408652979949774528873200770
681,1.3.6.1.4.1.14519.5.2.1.6279.6001.146429221666426688999739595820
682,1.3.6.1.4.1.14519.5.2.1.6279.6001.129007566048223160327836686225
683,1.3.6.1.4.1.14519.5.2.1.6279.6001.511347030803753100045216493273
684,1.3.6.1.4.1.14519.5.2.1.6279.6001.116097642684124305074876564522
685,1.3.6.1.4.1.14519.5.2.1.6279.6001.139889514693390832525232698200
686,1.3.6.1.4.1.14519.5.2.1.6279.6001.458525794434429386945463560826
687,1.3.6.1.4.1.14519.5.2.1.6279.6001.692598144815688523679745963696
688,1.3.6.1.4.1.14519.5.2.1.6279.6001.686193079844756926365065559979
689,1.3.6.1.4.1.14519.5.2.1.6279.6001.745109871503276594185453478952
690,1.3.6.1.4.1.14519.5.2.1.6279.6001.128023902651233986592378348912
691,1.3.6.1.4.1.14519.5.2.1.6279.6001.287560874054243719452635194040
692,1.3.6.1.4.1.14519.5.2.1.6279.6001.238855414831158993232534884296
693,1.3.6.1.4.1.14519.5.2.1.6279.6001.486999111981013268988489262668
694,1.3.6.1.4.1.14519.5.2.1.6279.6001.964952370561266624992539111877
695,1.3.6.1.4.1.14519.5.2.1.6279.6001.104562737760173137525888934217
696,1.3.6.1.4.1.14519.5.2.1.6279.6001.329326052298830421573852261436
697,1.3.6.1.4.1.14519.5.2.1.6279.6001.138894439026794145866157853158
698,1.3.6.1.4.1.14519.5.2.1.6279.6001.272344603176687884771013620823
699,1.3.6.1.4.1.14519.5.2.1.6279.6001.330043769832606379655473292782
700,1.3.6.1.4.1.14519.5.2.1.6279.6001.205523326998654833765855998037
701,1.3.6.1.4.1.14519.5.2.1.6279.6001.252358625003143649770119512644
702,1.3.6.1.4.1.14519.5.2.1.6279.6001.283569726884265181140892667131
703,1.3.6.1.4.1.14519.5.2.1.6279.6001.146987333806092287055399155268
704,1.3.6.1.4.1.14519.5.2.1.6279.6001.111017101339429664883879536171
705,1.3.6.1.4.1.14519.5.2.1.6279.6001.156322145453198768801776721493
706,1.3.6.1.4.1.14519.5.2.1.6279.6001.822128649427327893802314908658
707,1.3.6.1.4.1.14519.5.2.1.6279.6001.465032801496479029639448332481
708,1.3.6.1.4.1.14519.5.2.1.6279.6001.144943344795414353192059796098
709,1.3.6.1.4.1.14519.5.2.1.6279.6001.330643702676971528301859647742
